{
  "location":[
    104.4,30.7, 104,30.7, 104,30.7, 104,30.7, 104,30.7, 104,30.7, 104,30.7, 104,30.7, 104,30.7, 104,30.7, 104,30.7, 104,30.7,
    104,30.7, 104,30.7, 104,30.7, 104,30.7, 104,30.7, 104,30.7, 104,30.7, 104,30.7,104.08,30.51,104.22,31.14,103.71,30.7,102.829363,31.843197,101.431169,30.323158,103.12372,33.09092,102.976542,32.656204,
    102.976542,32.656204
  ],

  "maxOnlineNum":15462,
  "onlineNum":2000

}